<?xml version="1.0" encoding="UTF-8"?>
<!--
 # Copyright (C) 2020 FS, LTD. All Rights Reserved.
 #
 # This document is the property of FS LTD.
 #
 # It is considered proprietary and confidential.
 #
 # This document may not be reproduced or transmitted in any form,
 # in whole or in part, without the written permissions of FS OSDT,
 # or associated bodies.
-->
<BootSequence>
  <BeginBootSequence></BeginBootSequence>
  <ProvideVerification>
    <EnterRegKey>
      <Key>key(Confidential(BootKey()))</Key>
    </EnterRegKey>
    <VerifyRegKey>
      <VerifyKey>Match(keylist.xml(BootKeys()))</VerifyKey>
    </VerifyRegKey>
    
  </ProvideVerification>
</BootSequence>
