<?xml version="1.0" encoding="UTF-8"?>
<!--
 # Copyright (C) 2020 FS, LTD. All Rights Reserved.
 #
 # This document is the property of FS LTD.
 #
 # It is considered proprietary and confidential.
 #
 # This document may not be reproduced or transmitted in any form,
 # in whole or in part, without the written permissions of FS OSDT,
 # or associated bodies.
-->
<os name="fos_10.15"/>
<os version="13.0.0"/>
<os build="N/A"/>

<os var="fos_basic">
	<os code=""/>
	<existing-os>fos_10.4.2</existing-os>
	<processor>FS8 XQ</processor>
	<processor>Intel (R) Core(R) 5th Gen</processor>
	<processor>FS13 XQ Z</processor>
</os>
