<?xml version="1.0" encoding="UTF-8"?>
<!--
 # Copyright (C) 2020 FS, LTD. All Rights Reserved.
 #
 # This document is the property of FS LTD.
 #
 # It is considered proprietary and confidential.
 #
 # This document may not be reproduced or transmitted in any form,
 # in whole or in part, without the written permissions of FS OSDT,
 # or associated bodies.
-->
<devices>
  <device>
    <DefineDeviceNumber>FS04275</DefineDeviceNumber>
    <DefineCodeName>[A86]</DefineCodeName>
    <DefineReleaseYear>2016</DefineReleaseYear>
    <DefineDeviceName>"RealView_25"</DefineDeviceName>
    <DefinePaymentSystem>"FredPay"</DefinePaymentSystem>
    <DefineBiometricData>"BiometricData(Fingerprint)"</DefineBiometricData>
    <DefineUnlockMethod>"BiometricData(Fingerprint)"</DefineUnlockMethod>
  </device>
  <device>
    <DefineDeviceNumber>FS04283</DefineDeviceNumber>
    <DefineCodeName>[A87]</DefineCodeName>
    <DefineReleaseYear>2017</DefineReleaseYear>
    <DefineDeviceName>"RealView_27"</DefineDeviceName>
    <DefinePaymentSystem>"FredPay"</DefinePaymentSystem>
    <DefineBiometricData>"BiometricData(Fingerprint)"</DefineBiometricData>
    <DefineUnlockMethod>"BiometricData(Fingerprint)"</DefineUnlockMethod>
  </device>
  <device>
    <DefineDeviceNumber>FS04292</DefineDeviceNumber>
    <DefineCodeName>[A88]</DefineCodeName>
    <DefineReleaseYear>2017</DefineReleaseYear>
    <DefineDeviceName>"RealView_30"</DefineDeviceName>
    <DefinePaymentSystem>"FredPay"</DefinePaymentSystem>
    <DefineBiometricData>"BiometricData(Fingerprint)"</DefineBiometricData>
    <DefineUnlockMethod>"BiometricData(Fingerprint)"</DefineUnlockMethod>
  </device>
  <device>
    <DefineDeviceNumber>FS04293</DefineDeviceNumber>
    <DefineCodeName>[A89]</DefineCodeName>
    <DefineReleaseYear>2017</DefineReleaseYear>
    <DefineDeviceName>"RealView_30_Ultra"</DefineDeviceName>
    <DefinePaymentSystem>"FredPay"</DefinePaymentSystem>
    <DefineBiometricData>"BiometricData(Fingerprint)"</DefineBiometricData>
    <DefineUnlockMethod>"BiometricData(Fingerprint)"</DefineUnlockMethod>
  </device>
  <device>
    <DefineDeviceNumber>FS04294</DefineDeviceNumber>
    <DefineCodeName>[A89.5]</DefineCodeName>
    <DefineReleaseYear>2017</DefineReleaseYear>
    <DefineDeviceName>"FredPhone_7"</DefineDeviceName>
    <DefinePaymentSystem>"FredPay"</DefinePaymentSystem>
    <DefineBiometricData>"BiometricData(Fingerprint)"</DefineBiometricData>
    <DefineUnlockMethod>"BiometricData(Fingerprint)"</DefineUnlockMethod>
  </device>
  <device>
    <DefineDeviceNumber>FS04295</DefineDeviceNumber>
    <DefineCodeName>[A90]</DefineCodeName>
    <DefineReleaseYear>2017</DefineReleaseYear>
    <DefineDeviceName>"FredPhone_AE"</DefineDeviceName>
    <DefinePaymentSystem>"FredPay"</DefinePaymentSystem>
    <DefineBiometricData>"BiometricData(Fingerprint)"; "BiometricData(Face)"</DefineBiometricData>
    <DefineUnlockMethod>"BiometricData(Fingerprint)"; "BiometricData(Face)"</DefineUnlockMethod>
  </device>
  <device>
    <DefineDeviceNumber>FS04304</DefineDeviceNumber>
    <DefineCodeName>[A91]</DefineCodeName>
    <DefineReleaseYear>2019</DefineReleaseYear>
    <DefineDeviceName>"RealView_35"</DefineDeviceName>
    <DefinePaymentSystem>"FredPay"</DefinePaymentSystem>
    <DefineBiometricData>"BiometricData(Fingerprint)"</DefineBiometricData>
    <DefineUnlockMethod>"BiometricData(Fingerprint)"</DefineUnlockMethod>
  </device>
  <device>
    <DefineDeviceNumber>FS04305</DefineDeviceNumber>
    <DefineCodeName>[A92]</DefineCodeName>
    <DefineReleaseYear>2019</DefineReleaseYear>
    <DefineDeviceName>"RealView_35_Ultra"</DefineDeviceName>
    <DefinePaymentSystem>"FredPay"</DefinePaymentSystem>
    <DefineBiometricData>"BiometricData(Fingerprint)"</DefineBiometricData>
    <DefineUnlockMethod>"BiometricData(Fingerprint)"</DefineUnlockMethod>
  </device>
  <device>
    <DefineDeviceNumber>FS04306</DefineDeviceNumber>
    <DefineCodeName>[A93]</DefineCodeName>
    <DefineReleaseYear>2017</DefineReleaseYear>
    <DefineDeviceName>"FredPhone_8"</DefineDeviceName>
    <DefinePaymentSystem>"FredPay"</DefinePaymentSystem>
    <DefineBiometricData>"BiometricData(Fingerprint)"; "BiometricData(Face)"</DefineBiometricData>
    <DefineUnlockMethod>"BiometricData(Fingerprint)"; "BiometricData(Face)"</DefineUnlockMethod>
  </device>
  <device>
    <DefineDeviceNumber>FS04311</DefineDeviceNumber>
    <DefineCodeName>[A94]</DefineCodeName>
    <DefineReleaseYear>2020</DefineReleaseYear>
    <DefineDeviceName>"FredPhone_9"</DefineDeviceName>
    <DefinePaymentSystem>"FredPay"</DefinePaymentSystem>
    <DefineBiometricData>"BiometricData(Face)"</DefineBiometricData>
    <DefineUnlockMethod>"BiometricData(Face)"</DefineUnlockMethod>
  </device>
  <device>
    <DefineDeviceNumber>FS04312</DefineDeviceNumber>
    <DefineCodeName>[A95]</DefineCodeName>
    <DefineReleaseYear>2020</DefineReleaseYear>
    <DefineDeviceName>"RealView_40"</DefineDeviceName>
    <DefinePaymentSystem>"FredPay"</DefinePaymentSystem>
    <DefineBiometricData>"BiometricData(Fingerprint)"; "BiometricData(Face)"</DefineBiometricData>
    <DefineUnlockMethod>"BiometricData(Fingerprint)"; "BiometricData(Face)"</DefineUnlockMethod>
  </device>
  <device>
    <DefineDeviceNumber>FS04313</DefineDeviceNumber>
    <DefineCodeName>[A96]</DefineCodeName>
    <DefineReleaseYear>2020</DefineReleaseYear>
    <DefineDeviceName>"RealView_40_Ultra"</DefineDeviceName>
    <DefinePaymentSystem>"FredPay"</DefinePaymentSystem>
    <DefineBiometricData>"BiometricData(Fingerprint)"; BiometricData(Face)"</DefineBiometricData>
    <DefineUnlockMethod>"BiometricData(Fingerprint)"; BiometricData(Face)"</DefineUnlockMethod>
  </device>
</devices>
